Identificador,Codi postal,Codi municipi,Nom municipi
0001,08630,080018,Abrera
0002,08256,080023,Aguilar de Segarra
0003,08281,080023,Aguilar de Segarra
0004,08328,080039,Alella
0005,08587,080044,Alpens
0006,08480,080057,"Ametlla del Vallès, l'"
0007,08350,080060,Arenys de Mar
0008,08358,080076,Arenys de Munt
0009,08717,080082,Argençola
0010,08310,080095,Argentona
0011,08271,080109,Artés
0012,08610,080116,Avià
0013,08611,080116,Avià
0014,08279,080121,Avinyó
0015,08734,080137,Avinyonet del Penedès
0016,08792,080137,Avinyonet del Penedès
0017,08793,080137,Avinyonet del Penedès
0018,08798,080137,Avinyonet del Penedès
0019,08591,080142,Aiguafreda
0020,08911,080155,Badalona
0021,08912,080155,Badalona
0022,08913,080155,Badalona
0023,08914,080155,Badalona
0024,08915,080155,Badalona
0025,08916,080155,Badalona
0026,08917,080155,Badalona
0027,08918,080155,Badalona
0028,08695,080168,Bagà
0029,08550,080174,Balenyà
0030,08660,080180,Balsareny
0031,08001,080193,Barcelona
0032,08002,080193,Barcelona
0033,08003,080193,Barcelona
0034,08004,080193,Barcelona
0035,08005,080193,Barcelona
0036,08006,080193,Barcelona
0037,08007,080193,Barcelona
0038,08008,080193,Barcelona
0039,08009,080193,Barcelona
0040,08010,080193,Barcelona
0041,08011,080193,Barcelona
0042,08012,080193,Barcelona
0043,08013,080193,Barcelona
0044,08014,080193,Barcelona
0045,08015,080193,Barcelona
0046,08016,080193,Barcelona
0047,08017,080193,Barcelona
0048,08018,080193,Barcelona
0049,08019,080193,Barcelona
0050,08020,080193,Barcelona
0051,08021,080193,Barcelona
0052,08022,080193,Barcelona
0053,08023,080193,Barcelona
0054,08024,080193,Barcelona
0055,08025,080193,Barcelona
0056,08026,080193,Barcelona
0057,08027,080193,Barcelona
0058,08028,080193,Barcelona
0059,08029,080193,Barcelona
0060,08030,080193,Barcelona
0061,08031,080193,Barcelona
0062,08032,080193,Barcelona
0063,08033,080193,Barcelona
0064,08034,080193,Barcelona
0065,08035,080193,Barcelona
0066,08036,080193,Barcelona
0067,08037,080193,Barcelona
0068,08038,080193,Barcelona
0069,08039,080193,Barcelona
0070,08040,080193,Barcelona
0071,08041,080193,Barcelona
0072,08042,080193,Barcelona
0073,08750,080193,Barcelona
0074,08859,080207,Begues
0075,43421,080214,Bellprat
0076,08600,080229,Berga
0077,08611,080229,Berga
0078,08415,080235,Bigues i Riells del Fai
0079,08416,080235,Bigues i Riells del Fai
0080,08619,080240,Borredà
0081,08294,080253,"Bruc, el"
0082,08553,080266,"Brull, el"
0083,08559,080266,"Brull, el"
0084,08794,080272,"Cabanyes, les"
0085,08718,080288,Cabrera d'Anoia
0086,08349,080291,Cabrera de Mar
0087,08348,080305,Cabrils
0088,08280,080312,Calaf
0089,08393,080327,Caldes d'Estrac
0090,08140,080333,Caldes de Montbui
0091,08275,080348,Calders
0092,08370,080351,Calella
0093,08281,080364,Calonge de Segarra
0094,08506,080370,Calldetenes
0095,08262,080386,Callús
0096,08472,080399,Campins
0097,08360,080403,Canet de Mar
0098,08420,080410,Canovelles
0099,08445,080425,Cànoves i Samalús
0100,08811,080431,Canyelles
0101,08786,080446,Capellades
0102,08617,080459,Capolat
0103,08440,080462,Cardedeu
0104,08261,080478,Cardona
0105,08787,080484,Carme
0106,08789,080484,Carme
0107,08680,080497,Casserres
0108,08693,080497,Casserres
0109,08618,080500,Castellar del Riu
0110,08211,080517,Castellar del Vallès
0111,08696,080522,Castellar de n'Hug
0112,08296,080538,Castellbell i el Vilar
0113,08755,080543,Castellbisbal
0114,08183,080556,Castellcir
0115,08860,080569,Castelldefels
0116,08604,080575,Castell de l'Areny
0117,08729,080581,Castellet i la Gornal
0118,08732,080581,Castellet i la Gornal
0119,08255,080594,Castellfollit del Boix
0120,08283,080608,Castellfollit de Riubregós
0121,08297,080615,Castellgalí
0122,08251,080620,Castellnou de Bages
0123,08260,080620,Castellnou de Bages
0124,08719,080636,Castellolí
0125,08183,080641,Castellterçol
0126,08732,080654,Castellví de la Marca
0127,08769,080667,Castellví de Rosanes
0128,08540,080673,Centelles
0129,08758,080689,Cervelló
0130,08293,080692,Collbató
0131,08178,080706,Collsuspina
0132,08289,080713,Copons
0133,08757,080728,Corbera de Llobregat
0134,08940,080734,Cornellà de Llobregat
0135,08880,080749,Cubelles
0136,08318,080752,Dosrius
0137,08319,080752,Dosrius
0138,08292,080765,Esparreguera
0139,08950,080771,Esplugues de Llobregat
0140,08614,080787,"Espunyola, l'"
0141,08148,080790,"Estany, l'"
0142,08698,080804,Fígols
0143,08469,080811,Fogars de Montclús
0144,08479,080811,Fogars de Montclús
0145,08495,080826,Fogars de la Selva
0146,08519,080832,Folgueroles
0147,08259,080847,Fonollosa
0148,08736,080850,Font-rubí
0149,08520,080863,"Franqueses del Vallès, les"
0150,08521,080863,"Franqueses del Vallès, les"
0151,08146,080879,Gallifa
0152,08530,080885,"Garriga, la"
0153,08850,080898,Gavà
0154,08672,080902,Gaià
0155,08757,080919,Gelida
0156,08790,080919,Gelida
0157,08680,080924,Gironella
0158,08695,080930,Gisclareny
0159,08792,080945,"Granada, la"
0160,08183,080958,Granera
0161,08401,080961,Granollers
0162,08402,080961,Granollers
0163,08403,080961,Granollers
0164,08474,080977,Gualba
0165,08253,080983,Sant Salvador de Guardiola
0166,08694,080996,Guardiola de Berguedà
0167,08503,081000,Gurb
0168,08901,081017,"Hospitalet de Llobregat, l'"
0169,08902,081017,"Hospitalet de Llobregat, l'"
0170,08903,081017,"Hospitalet de Llobregat, l'"
0171,08904,081017,"Hospitalet de Llobregat, l'"
0172,08905,081017,"Hospitalet de Llobregat, l'"
0173,08906,081017,"Hospitalet de Llobregat, l'"
0174,08907,081017,"Hospitalet de Llobregat, l'"
0175,08908,081017,"Hospitalet de Llobregat, l'"
0176,08700,081022,Igualada
0177,08712,081022,Igualada
0178,08719,081038,Jorba
0179,08779,081043,"Llacuna, la"
0180,08120,081056,"Llagosta, la"
0181,08450,081069,Llinars del Vallès
0182,08186,081075,Lliçà d'Amunt
0183,08185,081081,Lliçà de Vall
0184,08514,081094,Lluçà
0185,08380,081108,Malgrat de Mar
0186,08522,081115,Malla
0187,08560,081120,Manlleu
0188,08240,081136,Manresa
0189,08241,081136,Manresa
0190,08242,081136,Manresa
0191,08243,081136,Manresa
0192,08760,081141,Martorell
0193,08107,081154,Martorelles
0194,08510,081167,"Masies de Roda, les"
0195,08508,081173,"Masies de Voltregà, les"
0196,08320,081189,"Masnou, el"
0197,08782,081192,Masquefa
0198,08783,081192,Masquefa
0199,08230,081206,Matadepera
0200,08301,081213,Mataró
0201,08302,081213,Mataró
0202,08303,081213,Mataró
0203,08304,081213,Mataró
0204,08773,081228,Mediona
0205,08750,081234,Molins de Rei
0206,08100,081249,Mollet del Vallès
0207,08104,081249,Mollet del Vallès
0208,08110,081252,Montcada i Reixac
0209,08390,081265,Montgat
0210,08199,081271,Monistrol de Montserrat
0211,08298,081271,Monistrol de Montserrat
0212,08691,081271,Monistrol de Montserrat
0213,08275,081287,Monistrol de Calders
0214,08529,081290,Muntanyola
0215,08605,081304,Montclar
0216,08585,081311,Montesquiu
0217,08612,081326,Montmajor
0218,08717,081332,Montmaneu
0219,08590,081347,Figaró-Montmany
0220,08160,081350,Montmeló
0221,08170,081363,Montornès del Vallès
0222,08469,081379,Montseny
0223,08180,081385,Moià
0224,08278,081398,Mura
0225,08270,081402,Navarcles
0226,08269,081419,Navàs
0227,08670,081419,Navàs
0228,08671,081419,Navàs
0229,08698,081424,"Nou de Berguedà, la"
0230,08711,081430,Òdena
0231,08611,081445,Olvan
0232,08734,081458,Olèrdola
0233,08799,081458,Olèrdola
0234,08795,081461,Olesa de Bonesvalls
0235,08640,081477,Olesa de Montserrat
0236,08818,081483,Olivella
0237,08515,081496,Olost
0238,08516,081496,Olost
0239,08573,081509,Orís
0240,08518,081516,Oristà
0241,08787,081521,Orpí
0242,08317,081537,Òrrius
0243,08796,081542,Pacs del Penedès
0244,08389,081555,Palafolls
0245,08184,081568,Palau-solità i Plegamans
0246,08753,081574,Pallejà
0247,08780,081574,Pallejà
0248,08754,081580,"Papiol, el"
0249,08150,081593,Parets del Vallès
0250,08589,081607,Perafita
0251,08784,081614,Piera
0252,08292,081629,"Hostalets de Pierola, els"
0253,08294,081629,"Hostalets de Pierola, els"
0254,08781,081629,"Hostalets de Pierola, els"
0255,08397,081635,Pineda de Mar
0256,08733,081640,"Pla del Penedès, el"
0257,08787,081653,"Pobla de Claramunt, la"
0258,08696,081666,"Pobla de Lillet, la"
0259,08213,081672,Polinyà
0260,08738,081688,Pontons
0261,08820,081691,"Prat de Llobregat, el"
0262,08281,081705,"Prats de Rei, els"
0263,08513,081712,Prats de Lluçanès
0264,08330,081727,Premià de Mar
0265,08797,081748,Puigdàlber
0266,08672,081751,Puig-reig
0267,08692,081751,Puig-reig
0268,08282,081764,Pujalt
0269,08606,081770,"Quar, la"
0270,08256,081786,Rajadell
0271,08299,081799,Rellinars
0272,08291,081803,Ripollet
0273,08430,081810,"Roca del Vallès, la"
0274,08254,081825,"Pont de Vilomara i Rocafort, el"
0275,08510,081831,Roda de Ter
0276,08191,081846,Rubí
0277,08719,081859,Rubió
0278,08201,081878,Sabadell
0279,08202,081878,Sabadell
0280,08203,081878,Sabadell
0281,08204,081878,Sabadell
0282,08205,081878,Sabadell
0283,08206,081878,Sabadell
0284,08207,081878,Sabadell
0285,08208,081878,Sabadell
0286,08517,081884,Sagàs
0287,08281,081897,Sant Pere Sallavinera
0288,08697,081901,Saldes
0289,08650,081918,Sallent
0290,08251,081923,Santpedor
0291,08359,081939,Sant Iscle de Vallalta
0292,08930,081944,Sant Adrià de Besòs
0293,08586,081957,Sant Agustí de Lluçanès
0294,08740,081960,Sant Andreu de la Barca
0295,08392,081976,Sant Andreu de Llavaneres
0296,08459,081982,Sant Antoni de Vilamajor
0297,08503,081995,Sant Bartomeu del Grau
0298,08830,082009,Sant Boi de Llobregat
0299,08589,082016,Sant Boi de Lluçanès
0300,08470,082021,Sant Celoni
0301,08476,082021,Sant Celoni
0302,08396,082037,Sant Cebrià de Vallalta
0303,08849,082042,Sant Climent de Llobregat
0304,08172,082055,Sant Cugat del Vallès
0305,08173,082055,Sant Cugat del Vallès
0306,08174,082055,Sant Cugat del Vallès
0307,08195,082055,Sant Cugat del Vallès
0308,08196,082055,Sant Cugat del Vallès
0309,08197,082055,Sant Cugat del Vallès
0310,08198,082055,Sant Cugat del Vallès
0311,08798,082068,Sant Cugat Sesgarrigues
0312,08461,082074,Sant Esteve de Palautordera
0313,08635,082080,Sant Esteve Sesrovires
0314,08105,082093,Sant Fost de Campsentelles
0315,08182,082107,Sant Feliu de Codines
0316,08980,082114,Sant Feliu de Llobregat
0317,08274,082129,Sant Feliu Sasserra
0318,08272,082135,Sant Fruitós de Bages
0319,08339,082140,Vilassar de Dalt
0320,08512,082153,Sant Hipòlit de Voltregà
0321,08607,082166,Sant Jaume de Frontanyà
0322,08970,082172,Sant Joan Despí
0323,08250,082188,Sant Joan de Vilatorrada
0324,08340,082191,Vilassar de Mar
0325,08504,082205,Sant Julià de Vilatorta
0326,08960,082212,Sant Just Desvern
0327,08791,082227,Sant Llorenç d'Hortons
0328,08212,082233,Sant Llorenç Savall
0329,08592,082248,Sant Martí de Centelles
0330,08515,082251,Sant Martí d'Albars
0331,08712,082264,Sant Martí de Tous
0332,08731,082270,Sant Martí Sarroca
0333,08282,082286,Sant Martí Sesgueioles
0334,08263,082299,Sant Mateu de Bages
0335,08269,082299,Sant Mateu de Bages
0336,08338,082303,Premià de Dalt
0337,08810,082310,Sant Pere de Ribes
0338,08812,082310,Sant Pere de Ribes
0339,08776,082325,Sant Pere de Riudebitlles
0340,08572,082331,Sant Pere de Torelló
0341,08458,082346,Sant Pere de Vilamajor
0342,08395,082359,Sant Pol de Mar
0343,08777,082362,Sant Quintí de Mediona
0344,08580,082378,Sant Quirze de Besora
0345,08192,082384,Sant Quirze del Vallès
0346,08194,082384,Sant Quirze del Vallès
0347,08189,082397,Sant Quirze Safaja
0348,08770,082401,Sant Sadurní d'Anoia
0349,08504,082418,Sant Sadurní d'Osormort
0350,08199,082423,Marganell
0351,08298,082423,Marganell
0352,08509,082439,Santa Cecília de Voltregà
0353,08690,082444,Santa Coloma de Cervelló
0354,08921,082457,Santa Coloma de Gramenet
0355,08922,082457,Santa Coloma de Gramenet
0356,08923,082457,Santa Coloma de Gramenet
0357,08924,082457,Santa Coloma de Gramenet
0358,08507,082460,Santa Eugènia de Berga
0359,08505,082476,Santa Eulàlia de Riuprimer
0360,08187,082482,Santa Eulàlia de Ronçana
0361,08792,082495,Santa Fe del Penedès
0362,08710,082508,Santa Margarida de Montbui
0363,08730,082515,Santa Margarida i els Monjos
0364,08210,082520,Barberà del Vallès
0365,08584,082536,Santa Maria de Besora
0366,08511,082541,"Esquirol, l'"
0367,08569,082541,"Esquirol, l'"
0368,08517,082554,Santa Maria de Merlès
0369,08106,082567,Santa Maria de Martorelles
0370,08787,082573,Santa Maria de Miralles
0371,08273,082589,Santa Maria d'Oló
0372,08460,082592,Santa Maria de Palautordera
0373,08130,082606,Santa Perpètua de Mogoda
0374,08398,082613,Santa Susanna
0375,08295,082628,Sant Vicenç de Castellet
0376,08620,082634,Sant Vicenç dels Horts
0377,08394,082649,Sant Vicenç de Montalt
0378,08571,082652,Sant Vicenç de Torelló
0379,08193,082665,Cerdanyola del Vallès
0380,08290,082665,Cerdanyola del Vallès
0381,08181,082671,Sentmenat
0382,08698,082687,Cercs
0383,08553,082690,Seva
0384,08554,082690,Seva
0385,08860,082704,Sitges
0386,08870,082704,Sitges
0387,08871,082704,Sitges
0388,08589,082711,Sobremunt
0389,08588,082726,Sora
0390,08739,082732,Subirats
0391,08260,082747,Súria
0392,08519,082750,Tavèrnoles
0393,08593,082763,Tagamanent
0394,08278,082779,Talamanca
0395,08552,082785,Taradell
0396,08221,082798,Terrassa
0397,08222,082798,Terrassa
0398,08223,082798,Terrassa
0399,08224,082798,Terrassa
0400,08225,082798,Terrassa
0401,08226,082798,Terrassa
0402,08227,082798,Terrassa
0403,08228,082798,Terrassa
0404,08511,082802,Tavertet
0405,08329,082819,Teià
0406,08390,082824,Tiana
0407,08391,082824,Tiana
0408,08916,082824,Tiana
0409,08551,082830,Tona
0410,08396,082845,Tordera
0411,08490,082845,Tordera
0412,08570,082858,Torelló
0413,08789,082861,"Torre de Claramunt, la"
0414,08775,082877,Torrelavit
0415,08737,082883,Torrelles de Foix
0416,08629,082896,Torrelles de Llobregat
0417,08231,082900,Ullastrell
0418,08233,082917,Vacarisses
0419,08785,082922,Vallbona d'Anoia
0420,08699,082938,Vallcebre
0421,08471,082943,Vallgorguina
0422,08758,082956,Vallirana
0423,08759,082956,Vallirana
0424,08188,082969,Vallromanes
0425,08289,082975,Veciana
0426,08719,082975,Veciana
0427,08500,082981,Vic
0428,08505,082981,Vic
0429,08613,082994,Vilada
0430,08232,083008,Viladecavalls
0431,08840,083015,Viladecans
0432,08788,083020,Vilanova del Camí
0433,08519,083036,Vilanova de Sau
0434,08735,083041,Vilobí del Penedès
0435,08720,083054,Vilafranca del Penedès
0436,08455,083067,Vilalba Sasserra
0437,08800,083073,Vilanova i la Geltrú
0438,08673,083089,Viver i Serrateix
0439,08569,089019,Rupit i Pruit
0440,08410,089024,Vilanova del Vallès
0441,08694,089030,Sant Julià de Cerdanyola
0442,08214,089045,Badia del Vallès
0443,08756,089058,"Palma de Cervelló, la"
0444,17707,170010,Agullana
0445,17181,170025,Aiguaviva
0446,17733,170031,Albanyà
0447,17734,170031,Albanyà
0448,17136,170046,Albons
0449,17469,170059,"Far d'Empordà, el"
0450,17537,170062,Alp
0451,17538,170062,Alp
0452,17170,170078,Amer
0453,17160,170084,Anglès
0454,17401,170097,Arbúcies
0455,17402,170097,Arbúcies
0456,17404,170097,Arbúcies
0457,17853,170101,Argelaguer
0458,17472,170118,"Armentera, l'"
0459,17742,170123,Avinyonet de Puigventós
0460,17213,170139,Begur
0461,17255,170139,Begur
0462,17707,170144,"Vajol, la"
0463,17820,170157,Banyoles
0464,17468,170160,Bàscara
0465,17483,170160,Bàscara
0466,17141,170182,Bellcaire d'Empordà
0467,17850,170195,Besalú
0468,17162,170209,Bescanó
0469,17182,170209,Bescanó
0470,17850,170216,Beuda
0471,17851,170216,Beuda
0472,17100,170221,"Bisbal d'Empordà, la"
0473,17115,170221,"Bisbal d'Empordà, la"
0474,17300,170237,Blanes
0475,17539,170242,Bolvir
0476,17462,170255,Bordils
0477,17770,170268,Borrassà
0478,17400,170274,Breda
0479,17441,170280,Brunyola i Sant Martí Sapresa
0480,17723,170293,Boadella i les Escaules
0481,17761,170307,Cabanes
0482,17746,170314,Cabanelles
0483,17747,170314,Cabanelles
0484,17488,170329,Cadaqués
0485,17455,170335,Caldes de Malavella
0486,17456,170335,Caldes de Malavella
0487,17251,170340,Calonge i Sant Antoni
0488,17252,170340,Calonge i Sant Antoni
0489,17834,170353,Camós
0490,17530,170366,Campdevànol
0491,17531,170366,Campdevànol
0492,17534,170372,Campelles
0493,17459,170388,Campllong
0494,17866,170391,Camprodon
0495,17867,170391,Camprodon
0496,17199,170405,Canet d'Adri
0497,17843,170405,Canet d'Adri
0498,17708,170412,Cantallops
0499,17750,170427,Capmany
0500,17534,170433,Queralbs
0501,17244,170448,Cassà de la Selva
0502,17856,170464,Castellfollit de la Roca
0503,17486,170470,Castelló d'Empúries
0504,17487,170470,Castelló d'Empúries
0505,17248,170486,"Castell d'Aro, Platja d'Aro i s'Agaró"
0506,17249,170486,"Castell d'Aro, Platja d'Aro i s'Agaró"
0507,17250,170486,"Castell d'Aro, Platja d'Aro i s'Agaró"
0508,17460,170499,Celrà
0509,17464,170502,Cervià de Ter
0510,17741,170519,Cistella
0511,17469,170524,Siurana
0512,17496,170545,Colera
0513,17144,170558,Colomers
0514,17844,170561,Cornellà del Terri
0515,17845,170561,Cornellà del Terri
0516,17120,170577,Corçà
0517,17121,170577,Corçà
0518,17832,170583,Crespià
0519,17722,170600,Darnius
0520,17538,170617,Das
0521,17130,170622,"Escala, l'"
0522,17405,170638,Espinelves
0523,17753,170643,Espolla
0524,17832,170656,Esponellà
0525,17484,170669,Figueres
0526,17600,170669,Figueres
0527,17463,170675,Flaçà
0528,17132,170681,Foixà
0529,17133,170681,Foixà
0530,17463,170681,Foixà
0531,17538,170694,Fontanals de Cerdanya
0532,17257,170708,Fontanilles
0533,17833,170715,Fontcoberta
0534,17458,170736,Fornells de la Selva
0535,17469,170741,Fortià
0536,17476,170754,Garrigàs
0537,17773,170754,Garrigàs
0538,17466,170767,Garrigoles
0539,17780,170773,Garriguella
0540,17539,170789,Ger
0541,17001,170792,Girona
0542,17002,170792,Girona
0543,17003,170792,Girona
0544,17004,170792,Girona
0545,17005,170792,Girona
0546,17006,170792,Girona
0547,17007,170792,Girona
0548,17461,170792,Girona
0549,17531,170806,Gombrèn
0550,17257,170813,Gualta
0551,17528,170828,Guils de Cerdanya
0552,17450,170834,Hostalric
0553,17539,170849,Isòvol
0554,17143,170852,Jafre
0555,17700,170865,"Jonquera, la"
0556,17708,170865,"Jonquera, la"
0557,17709,170865,"Jonquera, la"
0558,17462,170871,Juià
0559,17745,170887,Lladó
0560,17240,170890,Llagostera
0561,17243,170904,Llambilles
0562,17869,170911,Llanars
0563,17490,170926,Llançà
0564,17730,170932,Llers
0565,17527,170947,Llívia
0566,17310,170950,Lloret de Mar
0567,17512,170963,"Llosses, les"
0568,17513,170963,"Llosses, les"
0569,17514,170963,"Llosses, les"
0570,17532,170963,"Llosses, les"
0571,17462,170979,Madremanya
0572,17851,170985,Maià de Montcal
0573,17539,170998,Meranges
0574,17762,171002,Masarac i Vilarnadal
0575,17763,171002,Masarac i Vilarnadal
0576,17452,171019,Massanes
0577,17720,171024,Maçanet de Cabrenys
0578,17721,171024,Maçanet de Cabrenys
0579,17412,171030,Maçanet de la Selva
0580,17453,171030,Maçanet de la Selva
0581,17830,171058,Mieres
0582,17752,171061,Mollet de Peralada
0583,17868,171077,Molló
0584,17855,171096,Montagut i Oix
0585,17856,171096,Montagut i Oix
0586,17253,171100,Mont-ras
0587,17744,171117,Navata
0588,17861,171122,Ogassa
0589,17800,171143,Olot
0590,17810,171143,Olot
0591,17812,171143,Olot
0592,17772,171156,Ordis
0593,17161,171169,Osor
0594,17442,171169,Osor
0595,17124,171175,Palafrugell
0596,17200,171175,Palafrugell
0597,17210,171175,Palafrugell
0598,17211,171175,Palafrugell
0599,17212,171175,Palafrugell
0600,17230,171181,Palamós
0601,17476,171194,Palau de Santa Eulàlia
0602,17495,171208,Palau-saverdera
0603,17256,171215,Palau-sator
0604,17843,171236,Palol de Revardit
0605,17256,171241,Pals
0606,17534,171254,Pardines
0607,17133,171267,Parlavà
0608,17494,171289,Pau
0609,17493,171292,Pedret i Marzà
0610,17120,171306,"Pera, la"
0611,17491,171328,Peralada
0612,17492,171328,Peralada
0613,17172,171334,"Planes d'Hostoles, les"
0614,17173,171334,"Planes d'Hostoles, les"
0615,17535,171349,Planoles
0616,17536,171349,Planoles
0617,17706,171352,Pont de Molins
0618,17773,171365,Pontós
0619,17834,171371,Porqueres
0620,17846,171371,Porqueres
0621,17497,171387,Portbou
0622,17178,171390,"Preses, les"
0623,17489,171404,"Port de la Selva, el"
0624,17520,171411,Puigcerdà
0625,17529,171411,Puigcerdà
0626,17241,171426,Quart
0627,17242,171426,Quart
0628,17754,171432,Rabós
0629,17755,171432,Rabós
0630,17214,171447,Regencós
0631,17533,171450,Ribes de Freser
0632,17534,171450,Ribes de Freser
0633,17404,171463,Riells i Viabrea
0634,17500,171479,Ripoll
0635,17510,171479,Ripoll
0636,17863,171479,Ripoll
0637,17420,171485,Riudarenes
0638,17421,171485,Riudarenes
0639,17179,171498,Riudaura
0640,17457,171501,Riudellots de la Selva
0641,17469,171518,Riumors
0642,17480,171523,Roses
0643,17131,171539,Rupià
0644,17853,171544,Sales de Llierca
0645,17190,171557,Salt
0646,17454,171576,Sant Andreu Salou
0647,17751,171582,Sant Climent Sescebes
0648,17451,171595,Sant Feliu de Buixalleu
0649,17220,171609,Sant Feliu de Guíxols
0650,17248,171609,Sant Feliu de Guíxols
0651,17174,171616,Sant Feliu de Pallerols
0652,17175,171616,Sant Feliu de Pallerols
0653,17830,171621,Sant Ferriol
0654,17850,171621,Sant Ferriol
0655,17150,171637,Sant Gregori
0656,17151,171637,Sant Gregori
0657,17164,171637,Sant Gregori
0658,17199,171637,Sant Gregori
0659,17403,171642,Sant Hilari Sacalm
0660,17854,171655,Sant Jaume de Llierca
0661,17464,171668,Sant Jordi Desvalls
0662,17860,171674,Sant Joan de les Abadesses
0663,17463,171680,Sant Joan de Mollet
0664,17481,171693,Sant Julià de Ramis
0665,17482,171693,Sant Julià de Ramis
0666,17862,171707,Vallfogona de Ripollès
0667,17732,171714,Sant Llorenç de la Muga
0668,17152,171729,Sant Martí de Llémena
0669,17153,171729,Sant Martí de Llémena
0670,17164,171729,Sant Martí de Llémena
0671,17462,171735,Sant Martí Vell
0672,17830,171740,Sant Miquel de Campmajor
0673,17831,171740,Sant Miquel de Campmajor
0674,17475,171753,Sant Miquel de Fluvià
0675,17467,171766,Sant Mori
0676,17864,171772,Sant Pau de Segúries
0677,17865,171772,Sant Pau de Segúries
0678,17470,171788,Sant Pere Pescador
0679,17430,171805,Santa Coloma de Farners
0680,17443,171805,Santa Coloma de Farners
0681,17444,171805,Santa Coloma de Farners
0682,17445,171805,Santa Coloma de Farners
0683,17240,171812,Santa Cristina d'Aro
0684,17245,171812,Santa Cristina d'Aro
0685,17246,171812,Santa Cristina d'Aro
0686,17771,171827,Santa Llogaia d'Àlguema
0687,17154,171833,Sant Aniol de Finestres
0688,17811,171848,Santa Pau
0689,17857,171851,Sant Joan les Fonts
0690,17840,171864,Sarrià de Ter
0691,17465,171870,"Saus, Camallera i Llampaies"
0692,17467,171870,"Saus, Camallera i Llampaies"
0693,17489,171886,"Selva de Mar, la"
0694,17165,171899,"Cellera de Ter, la"
0695,17166,171899,"Cellera de Ter, la"
0696,17852,171903,Serinyà
0697,17133,171910,Serra de Daró
0698,17869,171925,Setcases
0699,17410,171931,Sils
0700,17166,171946,Susqueda
0701,17171,171946,Susqueda
0702,17134,171959,"Tallada d'Empordà, la"
0703,17731,171962,Terrades
0704,17123,171978,Torrent
0705,17474,171984,Torroella de Fluvià
0706,17130,171997,Torroella de Montgrí
0707,17141,171997,Torroella de Montgrí
0708,17257,171997,Torroella de Montgrí
0709,17258,171997,Torroella de Montgrí
0710,17853,172001,Tortellà
0711,17536,172018,Toses
0712,17320,172023,Tossa de Mar
0713,17133,172039,Ultramort
0714,17140,172044,Ullà
0715,17114,172057,Ullastret
0716,17538,172060,Urús
0717,17176,172076,"Vall d'en Bas, la"
0718,17177,172076,"Vall d'en Bas, la"
0719,17178,172076,"Vall d'en Bas, la"
0720,17179,172076,"Vall d'en Bas, la"
0721,17813,172082,"Vall de Bianya, la"
0722,17858,172082,"Vall de Bianya, la"
0723,17253,172095,Vall-llobrega
0724,17137,172109,Ventalló
0725,17472,172109,Ventalló
0726,17473,172109,Ventalló
0727,17475,172109,Ventalló
0728,17142,172116,Verges
0729,17515,172121,Vidrà
0730,17411,172137,Vidreres
0731,17760,172142,Vilabertran
0732,17180,172155,Vilablareix
0733,17464,172168,Viladasens
0734,17137,172174,Viladamat
0735,17468,172180,Vilademuls
0736,17833,172180,Vilademuls
0737,17406,172207,Viladrau
0738,17740,172214,Vilafant
0739,17483,172229,Vilaür
0740,17493,172235,Vilajuïga
0741,17869,172240,Vilallonga de Ter
0742,17474,172253,Vilamacolum
0743,17469,172266,Vilamalla
0744,17781,172272,Vilamaniscle
0745,17743,172288,Vilanant
0746,17485,172305,Vila-sacra
0747,17466,172327,Vilopriu
0748,17183,172333,Vilobí d'Onyar
0749,17184,172333,Vilobí d'Onyar
0750,17185,172333,Vilobí d'Onyar
0751,17723,172348,Biure
0752,17116,179011,"Cruïlles, Monells i Sant Sadurní de l'Heura"
0753,17117,179011,"Cruïlles, Monells i Sant Sadurní de l'Heura"
0754,17118,179011,"Cruïlles, Monells i Sant Sadurní de l'Heura"
0755,17121,179011,"Cruïlles, Monells i Sant Sadurní de l'Heura"
0756,17244,179011,"Cruïlles, Monells i Sant Sadurní de l'Heura"
0757,17110,179026,Forallac
0758,17111,179026,Forallac
0759,17113,179026,Forallac
0760,17164,179032,Sant Julià del Llor i Bonmatí
0761,25651,250019,Abella de la Conca
0762,25652,250019,Abella de la Conca
0763,25611,250024,Àger
0764,25691,250024,Àger
0765,25692,250024,Àger
0766,25310,250030,Agramunt
0767,25317,250030,Agramunt
0768,25318,250030,Agramunt
0769,25331,250030,Agramunt
0770,25221,250045,"Alamús, els"
0771,25715,250058,Alàs i Cerc
0772,25717,250058,Alàs i Cerc
0773,25718,250058,Alàs i Cerc
0774,25155,250061,"Albagés, l'"
0775,25171,250077,Albatàrrec
0776,25135,250083,Albesa
0777,25450,250096,"Albi, l'"
0778,25162,250100,Alcanó
0779,25180,250117,Alcarràs
0780,25193,250117,Alcarràs
0781,25660,250122,Alcoletge
0782,25120,250138,Alfarràs
0783,25121,250138,Alfarràs
0784,25161,250143,Alfés
0785,25130,250156,Algerri
0786,25125,250169,Alguaire
0787,25573,250175,Alins
0788,25574,250175,Alins
0789,25575,250175,Alins
0790,25100,250194,Almacelles
0791,25109,250194,Almacelles
0792,25187,250208,Almatret
0793,25126,250215,Almenar
0794,25737,250220,Alòs de Balaguer
0795,25110,250236,Alpicat
0796,25586,250241,Alt Àneu
0797,25587,250241,Alt Àneu
0798,25589,250241,Alt Àneu
0799,25539,250254,Naut Aran
0800,25598,250254,Naut Aran
0801,25599,250254,Naut Aran
0802,25262,250273,Anglesola
0803,25320,250273,Anglesola
0804,25140,250292,Arbeca
0805,25722,250306,"Pont de Bar, el"
0806,25723,250306,"Pont de Bar, el"
0807,25551,250313,Arres
0808,25722,250328,Arsèguel
0809,25150,250334,Artesa de Lleida
0810,25730,250349,Artesa de Segre
0811,25736,250349,Artesa de Segre
0812,25737,250349,Artesa de Segre
0813,25738,250349,Artesa de Segre
0814,25739,250349,Artesa de Segre
0815,25617,250352,"Sentiu de Sió, la"
0816,25151,250365,Aspa
0817,25611,250371,"Avellanes i Santa Linya, les"
0818,25612,250371,"Avellanes i Santa Linya, les"
0819,25182,250387,Aitona
0820,25513,250390,Baix Pallars
0821,25590,250390,Baix Pallars
0822,25591,250390,Baix Pallars
0823,25592,250390,Baix Pallars
0824,25600,250404,Balaguer
0825,25262,250411,Barbens
0826,25747,250426,"Baronia de Rialb, la"
0827,25526,250432,"Vall de Boí, la"
0828,25527,250432,"Vall de Boí, la"
0829,25528,250432,"Vall de Boí, la"
0830,25289,250447,Bassella
0831,25792,250447,Bassella
0832,25549,250450,Bausen
0833,25266,250463,Belianes
0834,25337,250479,Bellcaire d'Urgell
0835,25220,250485,Bell-lloc d'Urgell
0836,25336,250498,Bellmunt d'Urgell
0837,25250,250501,Bellpuig
0838,25262,250501,Bellpuig
0839,25720,250518,Bellver de Cerdanya
0840,25721,250518,Bellver de Cerdanya
0841,25724,250518,Bellver de Cerdanya
0842,25142,250523,Bellvís
0843,25144,250523,Bellvís
0844,25132,250539,Benavent de Segrià
0845,25752,250557,Biosca
0846,25753,250557,Biosca
0847,25178,250560,Bovera
0848,25551,250576,"Bòrdes, Es"
0849,25400,250582,"Borges Blanques, les"
0850,25550,250595,Bossòst
0851,25748,250609,Cabanabona
0852,25794,250616,Cabó
0853,25613,250621,Camarasa
0854,25615,250621,Camarasa
0855,25692,250621,Camarasa
0856,25548,250637,Canejan
0857,25549,250637,Canejan
0858,25289,250642,Castellar de la Ribera
0859,25154,250674,Castelldans
0860,25265,250680,Castellnou de Seana
0861,25136,250693,Castelló de Farfanya
0862,25334,250707,Castellserà
0863,25722,250714,Cava
0864,25723,250714,Cava
0865,25200,250729,Cervera
0866,25213,250729,Cervera
0867,25214,250729,Cervera
0868,25218,250729,Cervera
0869,25460,250735,Cervià de les Garrigues
0870,25341,250740,Ciutadilla
0871,25290,250753,Clariana de Cardener
0872,25152,250766,"Cogul, el"
0873,25793,250772,Coll de Nargó
0874,25794,250772,Coll de Nargó
0875,25137,250788,Corbins
0876,25737,250791,Cubells
0877,25410,250812,"Espluga Calba, l'"
0878,25597,250827,Espot
0879,25214,250851,Estaràs
0880,25215,250851,Estaràs
0881,25216,250851,Estaràs
0882,25271,250851,Estaràs
0883,25580,250864,Esterri d'Àneu
0884,25571,250870,Esterri de Cardós
0885,25719,250886,Estamariu
0886,25595,250899,Farrera
0887,25413,250925,"Floresta, la"
0888,25244,250931,Fondarella
0889,25737,250946,Foradada
0890,25332,250962,"Fuliola, la"
0891,25411,250978,Fulleda
0892,25638,250984,Gavet de la Conca
0893,25639,250984,Gavet de la Conca
0894,25241,250997,Golmés
0895,25716,251001,Gósol
0896,25177,251018,"Granadella, la"
0897,25185,251023,"Granja d'Escarp, la"
0898,25218,251039,Granyanella
0899,25217,251044,Granyena de Segarra
0900,25160,251057,Granyena de les Garrigues
0901,25341,251095,Guimerà
0902,25210,251109,Guissona
0903,25211,251109,Guissona
0904,25285,251116,Guixers
0905,25122,251121,Ivars de Noguera
0906,25260,251137,Ivars d'Urgell
0907,25261,251137,Ivars d'Urgell
0908,25216,251142,Ivorra
0909,25650,251155,Isona i Conca Dellà
0910,25651,251155,Isona i Conca Dellà
0911,25653,251155,Isona i Conca Dellà
0912,25655,251155,Isona i Conca Dellà
0913,25656,251155,Isona i Conca Dellà
0914,25657,251155,Isona i Conca Dellà
0915,25658,251155,Isona i Conca Dellà
0916,25165,251180,Juncosa
0917,25430,251193,Juneda
0918,25001,251207,Lleida
0919,25002,251207,Lleida
0920,25003,251207,Lleida
0921,25004,251207,Lleida
0922,25005,251207,Lleida
0923,25006,251207,Lleida
0924,25007,251207,Lleida
0925,25008,251207,Lleida
0926,25110,251207,Lleida
0927,25111,251207,Lleida
0928,25113,251207,Lleida
0929,25191,251207,Lleida
0930,25192,251207,Lleida
0931,25193,251207,Lleida
0932,25194,251207,Lleida
0933,25195,251207,Lleida
0934,25196,251207,Lleida
0935,25197,251207,Lleida
0936,25198,251207,Lleida
0937,25199,251207,Lleida
0938,25540,251214,Les
0939,25240,251229,Linyola
0940,25571,251235,Lladorre
0941,25576,251235,Lladorre
0942,25577,251235,Lladorre
0943,25283,251240,Lladurs
0944,25288,251240,Lladurs
0945,25186,251253,Llardecans
0946,25594,251266,Llavorsí
0947,25595,251266,Llavorsí
0948,25726,251272,Lles de Cerdanya
0949,25638,251288,Llimiana
0950,25639,251288,Llimiana
0951,25281,251291,Llobera
0952,25266,251305,Maldà
0953,25184,251312,Massalcoreig
0954,25211,251327,Massoteres
0955,25179,251333,Maials
0956,25139,251348,Menàrguens
0957,25242,251351,Miralcamp
0958,08281,251364,"Molsosa, la"
0959,25230,251370,Mollerussa
0960,25315,251386,Montgai
0961,25616,251386,Montgai
0962,25724,251399,Montellà i Martinet
0963,25725,251399,Montellà i Martinet
0964,25711,251403,Montferrer i Castellbò
0965,25712,251403,Montferrer i Castellbò
0966,25714,251403,Montferrer i Castellbò
0967,25795,251403,Montferrer i Castellbò
0968,25217,251410,Montoliu de Segarra
0969,25172,251425,Montoliu de Lleida
0970,25340,251431,Montornès de Segarra
0971,25341,251459,Nalec
0972,25286,251462,Navès
0973,25283,251484,Odèn
0974,25790,251484,Odèn
0975,25790,251497,Oliana
0976,25318,251500,Oliola
0977,25748,251500,Oliola
0978,25749,251500,Oliola
0979,25280,251517,Olius
0980,25286,251517,Olius
0981,25287,251517,Olius
0982,25214,251522,"Oluges, les"
0983,25412,251538,"Omellons, els"
0984,25268,251543,"Omells de na Gaia, els"
0985,25794,251556,Organyà
0986,25610,251569,Os de Balaguer
0987,25611,251569,Os de Balaguer
0988,25612,251569,Os de Balaguer
0989,25614,251569,Os de Balaguer
0990,25318,251575,Ossó de Sió
0991,25243,251581,"Palau d'Anglesola, el"
0992,25516,251615,Conca de Dalt
0993,25517,251615,Conca de Dalt
0994,25518,251615,Conca de Dalt
0995,25693,251615,Conca de Dalt
0996,25284,251636,"Coma i la Pedra, la"
0997,25261,251641,Penelles
0998,25333,251641,Penelles
0999,25335,251641,Penelles
1000,25790,251654,Peramola
1001,25286,251667,Pinell de Solsonès
1002,25287,251673,Pinós
1003,25143,251689,"Poal, el"
1004,25471,251692,"Pobla de Cérvoles, la"
1005,25177,251706,Bellaguarda
1006,25500,251713,"Pobla de Segur, la"
1007,25513,251713,"Pobla de Segur, la"
1008,25516,251713,"Pobla de Segur, la"
1009,25740,251728,Ponts
1010,25746,251728,Ponts
1011,25749,251728,Ponts
1012,25514,251734,"Pont de Suert, el"
1013,25520,251734,"Pont de Suert, el"
1014,25526,251734,"Pont de Suert, el"
1015,25529,251734,"Pont de Suert, el"
1016,25552,251734,"Pont de Suert, el"
1017,25554,251734,"Pont de Suert, el"
1018,25555,251734,"Pont de Suert, el"
1019,25556,251734,"Pont de Suert, el"
1020,25134,251749,"Portella, la"
1021,25721,251752,Prats i Sansor
1022,25263,251765,Preixana
1023,25316,251771,Preixens
1024,25727,251790,Prullans
1025,25420,251804,Puiggròs
1026,25318,251811,Puigverd d'Agramunt
1027,25153,251826,Puigverd de Lleida
1028,25594,251832,Rialp
1029,25713,251850,Ribera d'Urgellet
1030,25714,251850,Ribera d'Urgellet
1031,25795,251850,Ribera d'Urgellet
1032,25796,251850,Ribera d'Urgellet
1033,25797,251850,Ribera d'Urgellet
1034,25287,251863,Riner
1035,25290,251863,Riner
1036,25124,251898,Rosselló
1037,25693,251902,Salàs de Pallars
1038,25753,251919,Sanaüja
1039,25270,251924,Sant Guim de Freixenet
1040,25271,251924,Sant Guim de Freixenet
1041,25282,251930,Sant Llorenç de Morunys
1042,25215,251945,Sant Ramon
1043,25216,251945,Sant Ramon
1044,25632,251961,Sant Esteve de la Sarga
1045,25211,251977,Sant Guim de la Plana
1046,25175,252000,Sarroca de Lleida
1047,25555,252017,Sarroca de Bellera
1048,25514,252022,Senterada
1049,25555,252022,Senterada
1050,25700,252038,"Seu d'Urgell, la"
1051,25710,252038,"Seu d'Urgell, la"
1052,25183,252043,Seròs
1053,25222,252056,Sidamon
1054,25163,252069,"Soleràs, el"
1055,25280,252075,Solsona
1056,25566,252081,Soriguera
1057,25569,252081,Soriguera
1058,25593,252081,Soriguera
1059,25560,252094,Sort
1060,25567,252094,Sort
1061,25568,252094,Sort
1062,25569,252094,Sort
1063,25181,252108,Soses
1064,25173,252115,Sudanell
1065,25174,252120,Sunyer
1066,25630,252154,Talarn
1067,25640,252154,Talarn
1068,25213,252167,Talavera
1069,25300,252173,Tàrrega
1070,25350,252173,Tàrrega
1071,25351,252173,Tàrrega
1072,25352,252173,Tàrrega
1073,25353,252173,Tàrrega
1074,25354,252173,Tàrrega
1075,25360,252173,Tàrrega
1076,25480,252189,Tarrés
1077,25211,252192,Tarroja de Segarra
1078,25670,252206,Térmens
1079,25595,252213,Tírvia
1080,25791,252228,Tiurana
1081,25750,252234,Torà
1082,25751,252234,Torà
1083,25164,252249,"Torms, els"
1084,25331,252252,Tornabous
1085,25176,252265,Torrebesses
1086,25510,252271,"Torre de Cabdella, la"
1087,25511,252271,"Torre de Cabdella, la"
1088,25512,252271,"Torre de Cabdella, la"
1089,25513,252271,"Torre de Cabdella, la"
1090,25515,252271,"Torre de Cabdella, la"
1091,25110,252287,Torrefarrera
1092,25123,252287,Torrefarrera
1093,25141,252304,Torregrossa
1094,25138,252311,Torrelameu
1095,25170,252326,Torres de Segre
1096,25131,252332,Torre-serona
1097,22583,252347,Tremp
1098,22584,252347,Tremp
1099,25620,252347,Tremp
1100,25633,252347,Tremp
1101,25634,252347,Tremp
1102,25635,252347,Tremp
1103,25636,252347,Tremp
1104,25637,252347,Tremp
1105,25640,252347,Tremp
1106,25654,252347,Tremp
1107,25268,252385,Vallbona de les Monges
1108,25269,252385,Vallbona de les Monges
1109,25700,252398,"Valls de Valira, les"
1110,25719,252398,"Valls de Valira, les"
1111,25788,252398,"Valls de Valira, les"
1112,25798,252398,"Valls de Valira, les"
1113,25799,252398,"Valls de Valira, les"
1114,25617,252402,Vallfogona de Balaguer
1115,25680,252402,Vallfogona de Balaguer
1116,25340,252424,Verdú
1117,25530,252430,Vielha e Mijaran
1118,25537,252430,Vielha e Mijaran
1119,25538,252430,Vielha e Mijaran
1120,25539,252430,Vielha e Mijaran
1121,25330,252445,Vilagrassa
1122,25552,252458,Vilaller
1123,25553,252458,Vilaller
1124,25551,252477,Vilamòs
1125,25264,252483,Vilanova de Bellpuig
1126,25748,252496,Vilanova de l'Aguda
1127,25749,252496,Vilanova de l'Aguda
1128,25735,252509,Vilanova de Meià
1129,25736,252509,Vilanova de Meià
1130,25738,252509,Vilanova de Meià
1131,25133,252516,Vilanova de Segrià
1132,25245,252521,Vila-sana
1133,25457,252537,"Vilosell, el"
1134,25690,252542,Vilanova de la Barca
1135,25440,252555,Vinaixa
1136,25570,259010,Vall de Cardós
1137,25571,259010,Vall de Cardós
1138,25572,259010,Vall de Cardós
1139,25576,259010,Vall de Cardós
1140,25267,259025,Sant Martí de Riucorb
1141,25343,259025,Sant Martí de Riucorb
1142,25344,259025,Sant Martí de Riucorb
1143,25588,259031,"Guingueta d'Àneu, la"
1144,25595,259031,"Guingueta d'Àneu, la"
1145,25596,259031,"Guingueta d'Àneu, la"
1146,25597,259031,"Guingueta d'Àneu, la"
1147,25631,259046,Castell de Mur
1148,25632,259046,Castell de Mur
1149,25633,259046,Castell de Mur
1150,25634,259046,Castell de Mur
1151,25213,259059,Ribera d'Ondara
1152,25217,259059,Ribera d'Ondara
1153,25271,259059,Ribera d'Ondara
1154,25714,259062,"Valls d'Aguilar, les"
1155,25795,259062,"Valls d'Aguilar, les"
1156,25211,259078,Torrefeta i Florejacs
1157,25794,259084,Fígols i Alinyà
1158,25717,259097,"Vansa i Fórnols, la"
1159,25717,259101,Josa i Tuixén
1160,25211,259118,"Plans de Sió, els"
1161,25212,259118,"Plans de Sió, els"
1162,25218,259118,"Plans de Sió, els"
1163,25112,259123,Gimenells i el Pla de la Font
1164,25114,259123,Gimenells i el Pla de la Font
1165,25721,259139,Riu de Cerdanya
1166,43714,430017,Aiguamúrcia
1167,43815,430017,Aiguamúrcia
1168,43716,430022,Albinyana
1169,43479,430038,"Albiol, l'"
1170,43530,430043,Alcanar
1171,43569,430043,Alcanar
1172,43460,430056,Alcover
1173,43461,430056,Alcover
1174,43591,430069,Aldover
1175,43381,430075,"Aleixar, l'"
1176,43528,430081,Alfara de Carles
1177,43365,430094,Alforja
1178,43813,430108,Alió
1179,43393,430115,Almoster
1180,43893,430120,Altafulla
1181,43860,430136,"Ametlla de Mar, l'"
1182,43549,430141,Amposta
1183,43870,430141,Amposta
1184,43879,430141,Amposta
1185,43365,430154,Arbolí
1186,43720,430167,"Arboç, l'"
1187,43773,430173,"Argentera, l'"
1188,43597,430189,Arnes
1189,43791,430192,Ascó
1190,43711,430206,Banyeres del Penedès
1191,43422,430213,Barberà de la Conca
1192,43786,430228,Batea
1193,43738,430234,Bellmunt del Priorat
1194,43719,430249,Bellvei
1195,43512,430252,Benifallet
1196,43747,430265,Benissanet
1197,43372,430271,"Bisbal de Montsant, la"
1198,43717,430287,"Bisbal del Penedès, la"
1199,43411,430290,Blancafort
1200,43884,430304,Bonastre
1201,43350,430311,"Borges del Camp, les"
1202,43785,430326,Bot
1203,43772,430332,Botarell
1204,43812,430347,Bràfim
1205,43373,430350,Cabacés
1206,43811,430363,Cabra del Camp
1207,43820,430379,Calafell
1208,43882,430379,Calafell
1209,43850,430385,Cambrils
1210,43364,430398,Capafonts
1211,43776,430402,Capçanes
1212,43787,430419,Caseres
1213,43392,430424,Castellvell del Camp
1214,43150,430430,"Catllar, el"
1215,43764,430430,"Catllar, el"
1216,43560,430445,"Sénia, la"
1217,43310,430458,Colldejou
1218,43427,430461,Conesa
1219,43120,430477,Constantí
1220,43784,430483,Corbera d'Ebre
1221,43360,430496,Cornudella de Montsant
1222,43362,430496,Cornudella de Montsant
1223,43839,430509,Creixell
1224,43881,430516,Cunit
1225,43592,430521,Xerta
1226,43773,430537,Duesaigües
1227,43440,430542,"Espluga de Francolí, l'"
1228,43730,430555,Falset
1229,43781,430568,"Fatarella, la"
1230,43364,430574,"Febró, la"
1231,43736,430580,"Figuera, la"
1232,43811,430593,Figuerola del Camp
1233,43813,430593,Figuerola del Camp
1234,43750,430607,Flix
1235,43425,430614,Forès
1236,43558,430629,Freginals
1237,43515,430635,"Galera, la"
1238,43780,430640,Gandesa
1239,43749,430653,Garcia
1240,43153,430666,"Garidells, els"
1241,43748,430672,Ginestar
1242,43516,430688,Godall
1243,43737,430691,Gratallops
1244,43777,430705,"Guiamets, els"
1245,43596,430712,Horta de Sant Joan
1246,43737,430727,"Lloar, el"
1247,43427,430733,Llorac
1248,43711,430748,Llorenç del Penedès
1249,43712,430748,Llorenç del Penedès
1250,43371,430751,Margalef
1251,43775,430764,Marçà
1252,43514,430770,Mas de Barberans
1253,43878,430786,Masdenverge
1254,43718,430799,Masllorenç
1255,43143,430803,"Masó, la"
1256,43382,430810,Maspujols
1257,43736,430825,"Masroig, el"
1258,43143,430831,"Milà, el"
1259,43747,430846,Miravet
1260,43736,430859,"Molar, el"
1261,43400,430862,Montblanc
1262,43410,430862,Montblanc
1263,43414,430862,Montblanc
1264,43415,430862,Montblanc
1265,43459,430862,Montblanc
1266,43340,430884,Montbrió del Camp
1267,43812,430897,Montferri
1268,43714,430901,"Montmell, el"
1269,43718,430901,"Montmell, el"
1270,43812,430901,"Montmell, el"
1271,43364,430918,Mont-ral
1272,43459,430918,Mont-ral
1273,43300,430923,Mont-roig del Camp
1274,43892,430923,Mont-roig del Camp
1275,43740,430939,Móra d'Ebre
1276,43770,430944,Móra la Nova
1277,43760,430957,"Morell, el"
1278,43361,430960,"Morera de Montsant, la"
1279,43379,430960,"Morera de Montsant, la"
1280,43763,430976,"Nou de Gaià, la"
1281,43887,430982,Nulles
1282,43370,430995,"Palma d'Ebre, la"
1283,43151,431009,"Pallaresos, els"
1284,43413,431016,Passanant i Belltall
1285,43425,431016,Passanant i Belltall
1286,43593,431021,Paüls
1287,43152,431037,Perafort
1288,43155,431037,Perafort
1289,43519,431042,"Perelló, el"
1290,43428,431055,"Piles, les"
1291,43429,431055,"Piles, les"
1292,43594,431068,"Pinell de Brai, el"
1293,43423,431074,Pira
1294,43810,431080,"Pla de Santa Maria, el"
1295,43140,431093,"Pobla de Mafumet, la"
1296,43783,431107,"Pobla de Massaluca, la"
1297,43761,431114,"Pobla de Montornès, la"
1298,43376,431129,Poboleda
1299,43817,431135,"Pont d'Armentera, el"
1300,43739,431140,Porrera
1301,43774,431153,Pradell de la Teixeta
1302,43364,431166,Prades
1303,43595,431172,Prat de Comte
1304,43320,431188,Pratdip
1305,43321,431188,Pratdip
1306,43812,431191,Puigpelat
1307,43715,431205,Querol
1308,43816,431205,Querol
1309,43513,431212,Rasquera
1310,43886,431227,Renau
1311,43201,431233,Reus
1312,43202,431233,Reus
1313,43203,431233,Reus
1314,43204,431233,Reus
1315,43205,431233,Reus
1316,43206,431233,Reus
1317,43450,431248,"Riba, la"
1318,43790,431251,Riba-roja d'Ebre
1319,43762,431264,"Riera de Gaià, la"
1320,43771,431270,Riudecanyes
1321,43390,431286,Riudecols
1322,43330,431299,Riudoms
1323,43426,431303,Rocafort de Queralt
1324,43883,431310,Roda de Berà
1325,43812,431325,Rodonyà
1326,43520,431331,Roquetes
1327,43529,431331,Roquetes
1328,43142,431346,"Rourell, el"
1329,43885,431359,Salomó
1330,43540,431362,"Ràpita, la"
1331,43548,431362,"Ràpita, la"
1332,43713,431378,Sant Jaume dels Domenys
1333,43570,431384,Santa Bàrbara
1334,43420,431397,Santa Coloma de Queralt
1335,43429,431397,Santa Coloma de Queralt
1336,43710,431401,Santa Oliva
1337,43421,431418,Pontils
1338,43428,431418,Pontils
1339,43424,431423,Sarral
1340,43425,431423,Sarral
1341,43428,431423,Sarral
1342,43427,431439,Savallà del Comtat
1343,43154,431444,"Secuita, la"
1344,43765,431444,"Secuita, la"
1345,43470,431457,"Selva del Camp, la"
1346,43449,431460,Senan
1347,43412,431476,Solivella
1348,43001,431482,Tarragona
1349,43002,431482,Tarragona
1350,43003,431482,Tarragona
1351,43004,431482,Tarragona
1352,43005,431482,Tarragona
1353,43006,431482,Tarragona
1354,43007,431482,Tarragona
1355,43008,431482,Tarragona
1356,43100,431482,Tarragona
1357,43130,431482,Tarragona
1358,43511,431495,Tivenys
1359,43320,431508,Tivissa
1360,43746,431508,Tivissa
1361,43774,431515,"Torre de Fontaubella, la"
1362,43792,431520,"Torre de l'Espanyol, la"
1363,43830,431536,Torredembarra
1364,43737,431541,Torroja del Priorat
1365,43500,431554,Tortosa
1366,43510,431554,Tortosa
1367,43517,431554,Tortosa
1368,43527,431554,Tortosa
1369,43590,431554,Tortosa
1370,43897,431554,Tortosa
1371,43550,431567,Ulldecona
1372,43558,431567,Ulldecona
1373,43559,431567,Ulldecona
1374,43363,431573,Ulldemolins
1375,43439,431589,Vallclara
1376,43427,431592,Vallfogona de Riucorb
1377,43144,431606,Vallmoll
1378,43491,431613,Valls
1379,43800,431613,Valls
1380,43813,431613,Valls
1381,43890,431628,Vandellòs i l'Hospitalet de l'Infant
1382,43891,431628,Vandellòs i l'Hospitalet de l'Infant
1383,43700,431634,"Vendrell, el"
1384,43880,431634,"Vendrell, el"
1385,43763,431649,Vespella de Gaià
1386,43886,431652,Vilabella
1387,43141,431665,Vilallonga del Camp
1388,43311,431671,Vilanova d'Escornalbou
1389,43312,431671,Vilanova d'Escornalbou
1390,43439,431687,Vilanova de Prades
1391,43380,431690,Vilaplana
1392,43814,431704,Vila-rodona
1393,43480,431711,Vila-seca
1394,43481,431711,Vila-seca
1395,43490,431726,Vilaverd
1396,43375,431732,"Vilella Alta, la"
1397,43374,431747,"Vilella Baixa, la"
1398,43782,431750,Vilalba dels Arcs
1399,43430,431763,Vimbodí i Poblet
1400,43448,431763,Vimbodí i Poblet
1401,43792,431779,Vinebre
1402,43391,431785,Vinyols i els Arcs
1403,43580,439018,Deltebre
1404,43877,439023,Sant Jaume d'Enveja
1405,43879,439023,Sant Jaume d'Enveja
1406,43894,439039,Camarles
1407,43896,439044,"Aldea, l'"
1408,43840,439057,Salou
1409,43895,439060,"Ampolla, l'"
1410,43006,439076,"Canonja, la"
1411,43100,439076,"Canonja, la"
1412,43110,439076,"Canonja, la"
9998,99998,999998,No consta
9999,99999,999999,Altres/Diversos
